,uid,asks,answers,posts,views,days,type,Student ID,Assignment 1 [40],Assignment 2 [40],Project 1 [100],Assignment 3 [40],Assignment 4 [40],Project 2 [100],Assignment 5 [40],Assignment 6 [40],Project 3 [100],final_grade,Peer Feedback [15],Course Grade,grade_bucket,id,label,user_type,type_data0,User340,0,0,0,20,3,student,User340,0,27,78,0,26,70,0,25,66,0,10,46.1,d,User340,User340,User,user_graph1,User340,1,0,2,26,6,student,User340,0,27,78,0,26,70,0,25,66,0,10,46.1,d,User340,User340,User,user_graph2,Missing9,0,0,8,116,16,student,,,,,,,,,,,,,,,Missing9,Missing9,Missing,user_graph6,User265,2,0,12,633,64,student,User265,29,0,75,35,0,62,0,33,65,80,11,59.54,c,User265,User265,User,user_graph20,User281,4,0,21,349,74,student,User281,40,0,91,36,0,87,33,0,91,100,14,75.11,a,User281,User281,User,user_graph23,User116,1,0,21,633,84,student,User116,36,0,80,22,0,79,0,16,80,94,15,64.42,b,User116,User116,User,user_graph27,User180,1,2,33,592,68,student,User180,0,28,67,0,27,69,0,27,63,93,10,58.62,c,User180,User180,User,user_graph28,User151,1,0,5,65,17,student,,,,,,,,,,,,,,,User151,User151,User,user_graph30,User217,0,0,0,4,2,student,User217,0,30,79,0,29,71,0,25,66,96,15,62.74,b,User217,User217,User,user_graph31,User217,8,0,30,328,68,student,User217,0,30,79,0,29,71,0,25,66,96,15,62.74,b,User217,User217,User,user_graph32,User215,7,3,30,246,57,student,User215,30,0,60,28,0,61,26,0,63,85,11,55.57,c,User215,User215,User,user_graph33,User319,2,1,7,24,30,student,User319,31,0,81,33,0,49,32,0,67,92,15,61.06,b,User319,User319,User,user_graph34,User225,1,0,11,611,116,student,User225,0,33,91,0,28,84,0,31,66,93,13,67.02,b,User225,User225,User,user_graph38,User348,16,2,98,626,54,student,User348,0,37,87,0,19,75,0,37,64,99,14,65.95,b,User348,User348,User,user_graph42,User276,1,0,48,224,76,student,User276,33,0,73,0,30,49,0,30,70,96,15,60.45,b,User276,User276,User,user_graph45,User45,2,0,13,110,41,student,User45,30,0,66,0,29,55,0,33,59,97,15,58.62,c,User45,User45,User,user_graph47,User148,2,1,6,23,14,student,User148,27,0,89,37,0,80,33,0,65,99,15,67.93,b,User148,User148,User,user_graph50,User104,2,0,11,163,24,student,User104,19,0,95,29,0,68,32,0,71,96,15,64.88,b,User104,User104,User,user_graph53,User52,2,0,10,297,53,student,User52,0,35,67,25,0,43,39,0,32,96,15,53.74,c,User52,User52,User,user_graph54,User350,2,0,8,124,11,student,,,,,,,,,,,,,,,User350,User350,User,user_graph55,User376,1,0,2,27,8,student,User376,0,29,0,0,0,0,0,0,0,0,9,5.8,d,User376,User376,User,user_graph57,User253,7,1,19,271,43,student,User253,0,36,72,0,22,24,0,30,58,94,12,53.12,c,User253,User253,User,user_graph60,User26,3,1,14,90,29,student,User26,31,0,65,0,17,29,26,0,26,36,13,37.09,d,User26,User26,User,user_graph65,User361,1,0,9,191,31,student,User361,28,0,76,0,13,77,0,0,50,0,15,39.54,d,User361,User361,User,user_graph66,Missing66,0,147,551,958,98,student,,,,,,,,,,,,,,,Missing66,Missing66,Missing,user_graph67,User312,7,1,24,151,30,student,User312,0,32,80,0,38,66,0,26,57,90,15,61.67,b,User312,User312,User,user_graph70,Missing67,0,2,32,975,131,student,,,,,,,,,,,,,,,Missing67,Missing67,Missing,user_graph71,User90,2,2,48,192,63,student,User90,40,0,59,40,0,53,40,0,44,99,16,59.69,c,User90,User90,User,user_graph74,User283,1,0,2,99,14,student,User283,21,0,62,0,32,40,0,26,46,100,13,51.9,c,User283,User283,User,user_graph75,User82,8,0,70,603,69,student,User82,37,0,86,0,31,79,0,33,73,92,15,68.09,b,User82,User82,User,user_graph76,Missing68,0,356,1591,1041,148,student,,,,,,,,,,,,,,,Missing68,Missing68,Missing,user_graph80,User182,4,0,42,581,74,student,User182,34,0,87,36,0,89,0,34,75,95,15,70.99,a,User182,User182,User,user_graph81,User57,1,0,34,339,75,student,User57,0,33,88,0,34,71,0,35,58,92,16,65.19,b,User57,User57,User,user_graph82,User193,4,0,46,215,90,student,User193,30,0,74,19,0,71,0,29,79,93,10,61.83,b,User193,User193,User,user_graph83,User238,4,1,35,594,49,student,User238,0,31,73,0,34,84,0,27,85,89,12,66.41,b,User238,User238,User,user_graph84,User20,1,12,49,599,126,student,User20,40,0,90,34,0,93,32,0,86,99,15,74.65,a,User20,User20,User,user_graph86,User232,2,0,6,139,19,student,User232,0,36,90,0,38,74,0,31,84,90,15,69.92,b,User232,User232,User,user_graph87,User133,5,3,58,385,56,student,User133,35,0,85,32,0,75,37,0,75,93,13,67.93,b,User133,User133,User,user_graph88,User115,1,1,46,273,44,student,User115,32,0,81,32,0,81,0,25,68,84,15,63.81,b,User115,User115,User,user_graph89,User300,7,0,52,416,66,student,User300,0,34,87,0,23,86,30,0,83,96,15,69.31,b,User300,User300,User,user_graph90,User299,1,0,28,104,90,student,User299,20,0,89,0,34,79,0,30,77,86,13,65.34,b,User299,User299,User,user_graph91,User344,0,0,4,94,13,student,User344,0,0,75,0,0,76,0,28,67,75,10,50.53,c,User344,User344,User,user_graph92,User223,0,2,22,179,55,student,User223,0,35,95,0,36,96,0,40,91,98,14,77.09,a,User223,User223,User,user_graph93,User249,2,0,7,222,92,student,User249,33,0,84,32,0,56,32,0,76,84,15,62.9,b,User249,User249,User,user_graph94,Missing71,0,5,45,321,121,student,,,,,,,,,,,,,,,Missing71,Missing71,Missing,user_graph96,User334,2,0,10,338,93,student,User334,0,32,77,0,29,83,27,0,48,94,11,61.22,b,User334,User334,User,user_graph97,User365,1,0,25,486,97,student,User365,0,34,73,0,30,81,0,26,71,93,15,64.58,b,User365,User365,User,user_graph100,User6,1,0,6,47,9,student,,,,,,,,,,,,,,,User6,User6,User,user_graph105,User153,5,2,78,368,100,student,User153,0,36,86,0,36,51,0,36,62,96,15,63.81,b,User153,User153,User,user_graph106,User321,9,4,112,597,105,student,User321,0,33,88,0,39,69,0,36,84,98,15,70.53,a,User321,User321,User,user_graph107,User367,33,0,93,274,102,student,User367,31,0,87,32,0,71,31,0,63,95,13,64.58,b,User367,User367,User,user_graph110,User164,7,1,62,193,96,student,User164,29,0,95,40,0,73,40,0,82,94,15,71.45,a,User164,User164,User,user_graph114,User85,5,0,28,281,73,student,User85,0,27,73,0,30,51,0,24,67,98,13,58.47,c,User85,User85,User,user_graph115,User359,2,1,47,223,59,student,User359,30,0,68,33,0,59,35,0,57,93,15,59.54,c,User359,User359,User,user_graph119,User131,3,0,43,299,73,student,User131,0,31,84,0,30,85,0,32,76,86,13,66.71,b,User131,User131,User,user_graph122,User22,3,0,29,142,48,student,User22,40,0,84,0,36,76,38,0,91,97,15,72.82,a,User22,User22,User,user_graph123,User278,17,4,170,635,137,student,User278,29,0,90,0,27,84,33,0,77,100,16,69.61,b,User278,User278,User,user_graph124,User329,1,0,3,176,61,student,,,,,,,,,,,,,,,User329,User329,User,user_graph125,User314,1,1,65,220,96,student,User314,33,0,90,32,0,77,33,0,68,90,15,66.87,b,User314,User314,User,user_graph126,User132,0,25,91,637,129,student,User132,33,0,99,38,0,80,35,0,88,93,15,73.43,a,User132,User132,User,user_graph127,User302,3,0,21,199,59,student,User302,0,30,78,0,37,92,0,35,70,100,13,69.46,b,User302,User302,User,user_graph131,User261,2,2,27,493,89,student,User261,0,32,82,0,34,69,0,32,63,96,14,64.42,b,User261,User261,User,user_graph132,User254,1,0,37,576,136,student,User254,0,24,86,39,0,80,0,34,81,94,15,69.16,b,User254,User254,User,user_graph133,User371,2,0,36,636,113,student,User371,40,0,91,0,29,70,0,28,73,94,15,67.17,b,User371,User371,User,user_graph134,User318,5,0,30,167,63,student,User318,35,0,75,33,0,55,38,0,88,100,13,66.71,b,User318,User318,User,user_graph135,User40,5,3,42,551,93,student,User40,35,0,86,0,30,63,0,28,68,93,15,63.81,b,User40,User40,User,user_graph136,User126,0,1,28,613,101,student,User126,0,31,85,0,32,86,0,35,47,93,15,64.73,b,User126,User126,User,user_graph139,User98,4,6,82,592,134,student,User98,0,28,97,0,34,87,0,29,92,97,15,73.12,a,User98,User98,User,user_graph140,User166,7,5,220,546,137,student,User166,0,36,83,37,0,79,36,0,74,98,16,70.07,a,User166,User166,User,user_graph141,User362,3,1,30,320,57,student,User362,0,35,64,0,29,61,0,35,54,88,15,58.16,c,User362,User362,User,user_graph143,User201,2,0,22,634,115,student,User201,0,28,82,0,35,64,34,0,63,80,10,60.45,b,User201,User201,User,user_graph147,User135,5,0,65,302,99,student,User135,32,0,74,0,38,68,0,22,74,97,15,64.12,b,User135,User135,User,user_graph148,User75,5,0,31,140,64,student,User75,0,26,70,0,35,70,0,28,60,91,12,59.84,c,User75,User75,User,user_graph152,User298,1,1,44,554,134,student,User298,0,32,69,0,40,54,0,40,39,100,15,59.38,c,User298,User298,User,user_graph153,User240,7,1,30,220,132,student,User240,35,0,84,40,0,70,34,0,68,100,15,68.09,b,User240,User240,User,user_graph154,User327,2,2,30,208,89,student,User327,33,0,66,30,0,54,37,0,57,93,15,58.77,c,User327,User327,User,user_graph156,User158,4,0,70,638,141,student,User158,0,36,91,37,0,75,33,0,86,96,16,71.75,a,User158,User158,User,user_graph157,User100,1,0,15,321,87,student,User100,0,39,85,0,34,86,0,35,76,91,15,70.38,a,User100,User100,User,user_graph158,User29,2,0,13,179,77,student,User29,34,0,94,31,0,60,30,0,86,91,11,66.71,b,User29,User29,User,user_graph161,User291,3,5,60,260,94,student,User291,0,34,99,0,24,96,0,37,77,99,14,73.28,a,User291,User291,User,user_graph165,User247,1,0,10,217,66,student,User247,0,39,87,30,0,49,0,26,46,96,15,59.23,c,User247,User247,User,user_graph167,User269,2,0,27,634,94,student,User269,0,28,89,39,0,73,32,0,68,100,10,67.02,b,User269,User269,User,user_graph170,User338,1,2,7,299,29,student,,,,,,,,,,,,,,,User338,User338,User,user_graph171,User102,20,9,111,532,140,student,User102,19,0,79,38,0,86,0,38,77,100,10,68.24,b,User102,User102,User,user_graph175,User245,0,1,18,609,45,student,User245,38,0,86,27,0,76,0,30,67,94,14,65.95,b,User245,User245,User,user_graph176,User307,3,3,49,630,97,student,User307,0,31,73,0,30,45,0,33,52,97,10,56.64,c,User307,User307,User,user_graph177,User286,2,0,18,223,96,student,User286,38,0,70,29,0,69,0,39,57,97,15,63.2,b,User286,User286,User,user_graph179,User69,1,0,19,444,78,student,User69,31,0,77,31,0,37,0,29,71,100,15,59.69,c,User69,User69,User,user_graph181,User292,1,6,45,338,105,student,User292,34,0,79,40,0,83,0,34,94,100,15,73.12,a,User292,User292,User,user_graph182,User15,5,3,74,607,133,student,User15,0,25,90,0,32,98,31,0,85,96,15,72.06,a,User15,User15,User,user_graph183,User264,2,5,30,639,142,student,User264,0,40,76,35,0,64,31,0,57,96,13,62.9,b,User264,User264,User,user_graph185,User122,2,0,33,449,103,student,User122,26,0,80,0,32,81,30,0,76,90,15,65.64,b,User122,User122,User,user_graph186,User143,0,0,27,585,104,student,User143,0,38,80,38,0,81,0,32,62,94,16,67.32,b,User143,User143,User,user_graph187,User50,4,2,27,426,123,student,User50,38,0,86,27,0,89,31,0,86,97,15,71.6,a,User50,User50,User,user_graph188,User124,2,0,8,41,36,student,,,,,,,,,,,,,,,User124,User124,User,user_graph189,User331,7,4,23,625,108,student,User331,33,0,74,24,0,59,34,0,63,97,15,60.91,b,User331,User331,User,user_graph190,User178,5,1,29,558,107,student,User178,0,37,77,34,0,61,0,37,83,100,14,67.63,b,User178,User178,User,user_graph193,User96,2,0,39,537,59,student,User96,0,21,75,0,31,77,0,32,45,89,13,58.47,c,User96,User96,User,user_graph194,User46,1,0,2,54,16,student,User46,0,32,28,0,38,19,0,37,0,0,14,25.64,d,User46,User46,User,user_graph198,User224,0,0,64,352,100,student,User224,0,33,78,0,28,89,0,36,93,100,15,72.06,a,User224,User224,User,user_graph199,User38,6,0,30,153,68,student,User38,34,0,75,22,0,62,26,0,44,85,13,55.11,c,User38,User38,User,user_graph201,User203,0,0,12,245,53,student,User203,28,0,77,0,36,86,0,31,77,96,15,68.09,b,User203,User203,User,user_graph204,User60,7,0,28,170,49,student,User60,0,36,75,0,34,64,0,36,63,20,15,52.36,c,User60,User60,User,user_graph205,User55,0,0,28,165,57,student,User55,30,0,92,0,35,63,0,31,54,88,15,62.29,b,User55,User55,User,user_graph206,User262,1,1,21,503,75,student,User262,0,30,72,0,39,69,0,32,63,86,15,61.98,b,User262,User262,User,user_graph209,User107,9,0,53,410,56,student,User107,30,0,78,0,34,81,0,38,79,100,10,68.7,b,User107,User107,User,user_graph210,User227,3,0,29,305,76,student,User227,32,0,85,29,0,66,30,0,57,96,16,62.74,b,User227,User227,User,user_graph212,User222,3,1,25,530,130,student,User222,13,0,82,25,0,73,21,0,60,92,9,57.25,c,User222,User222,User,user_graph215,User322,2,0,5,93,45,student,User322,25,0,39,0,28,46,0,26,39,42,15,39.69,d,User322,User322,User,user_graph216,Missing50,0,0,2,105,73,student,,,,,,,,,,,,,,,Missing50,Missing50,Missing,user_graph219,User313,18,6,72,312,71,student,User313,32,0,88,31,0,77,20,0,82,97,15,67.48,b,User313,User313,User,user_graph224,User351,3,0,8,147,50,student,User351,0,30,81,37,0,88,0,29,77,90,13,67.93,b,User351,User351,User,user_graph227,User233,4,0,10,166,63,student,User233,12,0,33,40,0,58,27,0,59,80,10,48.7,d,User233,User233,User,user_graph228,User18,5,0,14,220,59,student,User18,0,25,58,30,0,59,0,27,52,88,13,53.74,c,User18,User18,User,user_graph229,User162,4,0,40,524,126,student,User162,18,0,83,29,0,59,0,34,70,88,13,60.15,b,User162,User162,User,user_graph230,User242,10,20,147,651,141,student,User242,33,0,84,0,38,77,30,0,69,96,15,67.48,b,User242,User242,User,user_graph231,User97,4,2,61,639,126,student,User97,25,0,87,34,0,85,30,0,65,96,11,66.1,b,User97,User97,User,user_graph232,User228,1,0,4,252,91,student,User228,40,0,80,0,39,65,0,28,74,96,15,66.71,b,User228,User228,User,user_graph237,User320,2,11,49,294,56,student,User320,35,0,90,39,0,83,40,0,75,94,13,71.6,a,User320,User320,User,user_graph239,User76,0,4,34,580,41,student,User76,29,0,88,0,31,80,37,0,84,90,15,69.31,b,User76,User76,User,user_graph240,User333,1,0,23,320,71,student,User333,30,0,68,32,0,72,0,30,56,93,12,60,b,User333,User333,User,user_graph241,User305,1,0,17,437,100,student,User305,0,36,79,0,40,94,0,40,79,98,15,73.43,a,User305,User305,User,user_graph242,User304,4,3,58,397,116,student,User304,36,0,74,0,30,79,35,0,67,94,14,65.49,b,User304,User304,User,user_graph243,User323,3,0,20,228,110,student,User323,27,0,75,0,35,62,38,0,55,80,15,59.08,c,User323,User323,User,user_graph245,User195,2,1,22,630,82,student,User195,20,0,86,0,31,77,33,0,51,98,15,62.74,b,User195,User195,User,user_graph249,User271,2,3,26,301,93,student,User271,38,0,66,0,38,52,0,39,51,97,15,60.45,b,User271,User271,User,user_graph253,User78,1,0,13,189,74,student,User78,37,0,78,27,0,63,28,0,84,96,14,65.19,b,User78,User78,User,user_graph254,User81,7,0,45,350,73,student,User81,0,30,60,0,36,41,0,27,59,100,15,56.18,c,User81,User81,User,user_graph255,User74,1,0,18,322,89,student,User74,31,0,75,33,0,76,35,0,72,93,10,64.88,b,User74,User74,User,user_graph256,User37,15,0,54,274,65,student,User37,34,0,94,0,40,87,0,37,82,98,10,73.58,a,User37,User37,User,user_graph259,User53,2,3,97,565,132,student,User53,0,38,100,40,0,88,37,0,80,100,16,76.18,a,User53,User53,User,user_graph261,User209,5,4,61,322,68,student,,,,,,,,,,,,,,,User209,User209,User,user_graph262,User36,5,0,23,121,85,student,User36,15,0,51,0,29,52,0,39,34,92,15,49.92,d,User36,User36,User,user_graph263,User366,4,0,15,222,60,student,,,,,,,,,,,,,,,User366,User366,User,user_graph264,User258,1,0,10,50,16,student,User258,0,30,72,0,33,74,0,34,40,97,14,60.15,b,User258,User258,User,user_graph266,User108,1,0,31,72,45,student,User108,0,24,70,0,23,75,0,20,69,91,10,58.32,c,User108,User108,User,user_graph267,User211,2,0,26,634,89,student,User211,0,31,75,0,29,65,0,33,77,98,12,64.12,b,User211,User211,User,user_graph269,User213,1,0,30,632,113,student,User213,33,0,77,0,30,69,34,0,56,94,13,61.98,b,User213,User213,User,user_graph272,User272,1,0,13,214,46,student,User272,31,0,57,31,0,45,36,0,54,86,11,53.58,c,User272,User272,User,user_graph273,User295,2,0,21,394,141,student,User295,39,0,96,26,0,85,0,37,85,89,15,72.06,a,User295,User295,User,user_graph274,User87,5,1,16,281,41,student,User87,38,0,82,22,0,82,29,0,76,96,15,67.17,b,User87,User87,User,user_graph275,User250,7,2,56,571,132,student,User250,40,0,89,0,40,88,40,0,87,98,15,75.87,a,User250,User250,User,user_graph276,User231,3,0,20,110,32,student,,,,,,,,,,,,,,,User231,User231,User,user_graph277,User118,1,0,33,636,137,student,User118,33,0,90,36,0,73,0,25,64,93,14,65.34,b,User118,User118,User,user_graph278,User110,2,0,17,70,64,student,User110,30,0,69,32,0,57,0,28,64,84,13,57.55,c,User110,User110,User,user_graph281,User77,2,0,12,144,48,student,User77,36,0,82,40,0,48,40,0,48,100,15,62.44,b,User77,User77,User,user_graph283,User80,1,0,31,323,81,student,User80,0,40,87,0,29,64,0,33,67,93,15,65.34,b,User80,User80,User,user_graph284,User293,1,0,44,278,78,student,User293,28,0,83,0,40,76,0,31,35,90,10,60,b,User293,User293,User,user_graph286,User106,2,0,24,631,112,student,User106,39,0,75,34,0,63,34,0,70,94,13,64.42,b,User106,User106,User,user_graph290,User154,4,0,38,338,123,student,User154,40,0,94,40,0,92,39,0,78,98,15,75.72,a,User154,User154,User,user_graph295,User175,1,0,10,51,53,student,,,,,,,,,,,,,,,User175,User175,User,user_graph297,User121,1,1,19,241,98,student,User121,31,0,56,27,0,45,0,36,48,100,9,53.74,c,User121,User121,User,user_graph298,User342,1,1,4,5,25,student,User342,0,16,65,27,0,83,35,0,65,100,13,61.67,b,User342,User342,User,user_graph301,User41,1,0,8,144,27,student,User41,32,0,91,32,0,81,38,0,89,90,14,71.29,a,User41,User41,User,user_graph302,User294,1,0,12,129,45,student,User294,0,22,82,0,29,49,0,30,47,96,15,56.48,c,User294,User294,User,user_graph304,User160,3,0,10,71,37,student,User160,22,0,68,0,40,47,0,40,46,97,13,56.94,c,User160,User160,User,user_graph305,User174,6,0,49,274,103,student,User174,0,24,64,0,32,64,0,40,64,99,16,61.52,b,User174,User174,User,user_graph308,User235,6,0,51,381,111,student,User235,0,30,95,0,36,81,0,31,81,95,15,70.83,a,User235,User235,User,user_graph309,User352,2,0,8,85,71,student,,,,,,,,,,,,,,,User352,User352,User,user_graph314,User214,1,0,10,138,44,student,User214,28,0,86,34,0,75,40,0,82,93,12,68.7,b,User214,User214,User,user_graph317,User316,1,0,18,432,108,student,User316,0,14,81,35,0,84,29,0,73,90,12,63.81,b,User316,User316,User,user_graph319,User356,2,1,38,374,101,student,User356,38,0,63,0,32,88,0,33,86,94,13,68.24,b,User356,User356,User,user_graph321,User369,1,0,6,92,31,student,User369,0,34,83,0,35,50,0,32,60,99,15,62.29,b,User369,User369,User,user_graph322,User156,11,0,84,500,96,student,User156,26,0,88,34,0,65,33,0,76,98,15,66.41,b,User156,User156,User,user_graph327,User42,1,0,4,66,46,student,User42,0,23,78,0,35,83,0,33,67,93,10,64.42,b,User42,User42,User,user_graph330,Missing91,1,0,6,60,30,student,,,,,,,,,,,,,,,Missing91,Missing91,Missing,user_graph331,User34,2,0,51,493,102,student,User34,0,34,84,13,0,40,34,0,87,88,13,60,b,User34,User34,User,user_graph333,User139,2,0,26,358,69,student,User139,32,0,97,0,33,86,0,38,68,95,15,70.83,a,User139,User139,User,user_graph334,User336,17,4,141,645,128,student,User336,0,37,86,0,40,69,34,0,61,100,15,67.48,b,User336,User336,User,user_graph335,User142,1,0,7,179,58,student,User142,0,29,61,0,25,66,0,29,78,91,15,60.15,b,User142,User142,User,user_graph338,User188,7,0,34,507,76,student,User188,0,16,53,0,29,55,0,26,52,86,15,50.68,c,User188,User188,User,user_graph341,User70,4,4,128,418,95,student,User70,36,0,93,35,0,77,29,0,77,100,15,70.53,a,User70,User70,User,user_graph342,User251,1,0,3,163,49,student,,,,,,,,,,,,,,,User251,User251,User,user_graph343,User91,7,2,149,641,134,student,User91,0,31,72,0,31,70,0,29,77,72,15,60.61,b,User91,User91,User,user_graph346,User28,0,0,13,376,72,student,User28,0,31,64,0,31,61,0,21,60,91,14,56.94,c,User28,User28,User,user_graph349,User47,3,0,21,325,89,student,User47,28,0,77,0,27,63,0,33,71,95,13,62.13,b,User47,User47,User,user_graph350,User273,4,0,49,619,92,student,User273,0,34,97,0,24,86,0,26,66,94,15,67.48,b,User273,User273,User,user_graph351,User378,5,0,17,111,42,student,User378,0,35,73,0,17,34,0,33,59,98,10,54.8,c,User378,User378,User,user_graph355,User341,0,0,4,89,22,student,User341,0,28,27,0,22,19,0,27,24,96,13,39.08,d,User341,User341,User,user_graph359,User65,2,0,14,635,35,student,User65,0,31,86,0,32,44,0,16,64,99,14,58.93,c,User65,User65,User,user_graph360,User205,0,0,31,154,53,student,User205,0,27,82,0,30,52,0,37,39,82,15,55.57,c,User205,User205,User,user_graph361,User144,2,0,19,376,108,student,User144,0,35,97,0,40,74,0,32,79,100,15,72.06,a,User144,User144,User,user_graph